governorate,avg_solar_radiation,avg_peak_sun_hours,avg_temp_max,avg_wind_speed,avg_humidity,hot_days_pct,avg_clearness,avg_temp_penalty,avg_aqi,avg_pm25,avg_pm10,dust_storm_days,avg_pollution_penalty,score_ghi,score_clearness,score_temp,score_wind,score_humidity,score_air,solar_site_score,rank,grade,investment_reco
Alexandria,5.412340975164591,5.412340975164591,27.02772085665612,3.245708201508883,63.316233876855684,0.002737892431248479,0.9036806335962454,1.5567133122414212,2.5945744151319063,25.379003737781982,36.2429204254542,4,3.7757217521154804,18.812199122767854,34.689647877031476,59.40692967570397,36.11133597214368,23.83717549952202,76.24104200449861,38.67,22,D,Not Recommended
Aswan,6.482965680203376,6.482965680203376,34.63200231199805,3.108088342662448,25.936295327330253,0.32909467023606714,0.9762589400951698,4.017882088099294,3.3430811348929814,30.002244263378547,47.68614807988601,1,4.492162767546042,100.0,99.83420497079672,0.0,29.379631558584553,100.0,44.77690014123555,69.62,3,B,Recommended
Asyut,6.289504999674076,6.289504999674076,31.34657763446094,2.982853492333901,33.931891579459716,0.12235337064979314,0.9664012971774982,2.965776344609394,3.7788700846192134,36.558191114606146,59.11555787591339,6,5.456845445495271,85.32945565849084,90.98621976918938,25.666723926448014,23.253742448141416,83.70871601833205,26.458126275043156,62.39,7,B,Recommended
Beheira,5.7577025682810765,5.7577025682810765,29.34828972986128,2.9268708931613534,58.90537417863227,0.0419201752251156,0.930284766312496,2.320289608177172,3.0326032852165254,27.56045287303385,41.38137051142359,6,4.111536834245893,45.00172017587032,58.5688829579655,41.277948960335706,20.515341805303418,32.82444370080391,57.82811110529895,46.02,16,D,Not Recommended
Beni Suef,6.030868496186689,6.030868496186689,29.946918349963493,3.057858968118764,42.64988987588221,0.06065952786566074,0.9500952806205594,2.5479283280603555,3.4716276754604283,33.13640055221503,51.407811374079145,6,4.937798656047785,65.71648685075458,76.3503281673217,36.60128246066353,26.92265111157406,65.94551468598738,39.373332635873815,55.66,12,C,Neutral
Cairo,5.675692373378529,5.675692373378529,29.616847773180822,2.8491196154782186,50.82255049890484,0.05378437576052567,0.9226130239228212,2.462524336821611,3.7053260328521653,35.02746500394102,52.30443815540318,3,5.2374589347934295,38.7827086564137,51.682909941769005,39.179892899809275,16.712121663045735,49.29345636575929,29.549615525448544,38.36,23,D,Not Recommended
Dakahlia,5.308729874193339,5.308729874193339,30.099219396446824,2.6468453394986615,57.68333292771964,0.07380141153565345,0.8884024770223584,2.5588829398880506,3.42284718765555,31.80007206616476,47.21266842379045,3,4.748398456943753,10.955143896286685,20.976338883939782,35.41146096193199,6.817832802595153,35.31439197084421,41.42386357692105,22.0,26,D,Not Recommended
Damietta,5.308729874193339,5.308729874193339,23.824133000730104,4.228102336334874,68.52135191044049,6.0842054027743974e-05,0.8884024770223584,0.649278413239231,2.3674713787954205,20.824484936711798,30.87116391192969,4,3.1002103036336486,10.955143896286685,20.976338883939782,84.43431978279182,84.16535222166004,13.231580448290316,85.78751896218026,42.64,18,D,Not Recommended
Fayoum,5.962158653282055,5.962158653282055,29.643648089559502,3.208197858359698,48.59546726697493,0.05080311511316622,0.9524299915259761,2.446367729374544,3.4716276754604283,33.13640055221503,51.407811374079145,6,4.937798656047785,60.506069962564744,78.44590899873184,38.97052078230614,34.27650962768964,53.83120992885573,39.373332635873815,54.74,13,C,Neutral
Gharbia,5.675692373378529,5.675692373378529,30.099219396446824,2.6468453394986615,57.68333292771964,0.07380141153565345,0.9226130239228212,2.5588829398880506,3.0326032852165254,27.56045287303385,41.38137051142359,6,4.111536834245893,38.7827086564137,51.682909941769005,35.41146096193199,6.817832802595153,35.31439197084421,57.82811110529895,40.34,19,D,Not Recommended
Giza,5.675692373378529,5.675692373378529,29.616847773180822,2.8491196154782186,50.82255049890484,0.05378437576052567,0.9226130239228212,2.462524336821611,3.7053260328521653,35.02746500394102,52.30443815540318,3,5.2374589347934295,38.7827086564137,51.682909941769005,39.179892899809275,16.712121663045735,49.29345636575929,29.549615525448544,38.36,23,D,Not Recommended
Ismailia,5.790066586272081,5.790066586272081,28.533233755171572,2.8055652226819174,56.74043137016306,0.020564614261377463,0.9255301414510136,2.1014437819420784,2.9013190642110502,26.447600672596565,38.96078740780363,3,3.931161025385764,47.45595407863239,54.30124506877247,47.64541092955821,14.581649355673914,37.23558415670779,63.346759428780665,47.44,14,D,Not Recommended
Kafr El Sheikh,5.383133302913761,5.383133302913761,30.099219396446824,2.6468453394986615,57.68333292771964,0.07380141153565345,0.8939802294504922,2.5588829398880506,3.0326032852165254,27.56045287303385,41.38137051142359,6,4.111536834245893,16.59731778514546,25.98279644732797,35.41146096193199,6.817832802595153,35.31439197084421,57.82811110529895,27.44,25,D,Not Recommended
Luxor,6.369345166547162,6.369345166547162,32.76540703334145,2.9486718179605744,28.962778656607448,0.2076539303966902,0.9738884557721139,3.410806157215868,3.313464410154306,29.306520680731705,45.81718618267048,2,4.386752115480339,91.38390923086779,97.70651477282446,14.5824027034475,21.581738638730986,93.83344308188308,46.021865355442785,67.47,4,B,Recommended
Matrouh,5.164264233100841,5.164264233100841,22.152711730348013,4.551818568994889,71.88227305913848,0.0,0.8650324946222541,0.31736614748113895,2.029367844698855,17.259728569671974,26.59642082525112,2,2.571373817819811,0.0,0.0,97.4919645387354,100.0,6.383595739351293,100.0,39.94,21,D,Not Recommended
Minya,6.11415652825761,6.11415652825761,30.461182161109758,3.0309637381357994,39.32834205402774,0.08414456072036992,0.9638754253308129,2.6942291311754683,3.7084370333499255,37.28923732119213,57.53370496665007,7,5.56115355898457,72.03239954304152,88.71905743562952,32.5836991764383,25.6070652659147,72.71327497779926,29.418841868494,58.45,11,C,Neutral
Monufia,5.7577025682810765,5.7577025682810765,30.67234606960331,2.6461103674860063,53.588341445607206,0.11152348503285471,0.930284766312496,2.763116938427841,3.0326032852165254,27.56045287303385,41.38137051142359,6,4.111536834245893,45.00172017587032,58.5688829579655,30.934023327958116,6.781881491622259,43.65806854403753,57.82811110529895,43.64,17,D,Not Recommended
New Valley,6.4828675444886255,6.4828675444886255,30.32848259917255,3.0717698953516672,31.738067047943538,0.07538330494037479,0.9764436542598266,2.672358238014115,4.408287705326033,57.73526653092708,116.46328754886758,22,8.605484071677452,99.9925581552241,100.0,33.62038799316569,27.603107050385407,88.17870391190047,0.0,67.21,5,B,Recommended
North Sinai,5.9393307476696435,5.9393307476696435,26.991977975176443,2.6832903382818203,59.68819542467754,0.00687515210513507,0.9398389022879865,1.743745436845948,2.3041314086610254,19.61986850972636,30.127169902635014,2,2.934336734693878,58.77498021040219,67.14444756618848,59.6861637965003,8.600547602749902,31.229420287408047,88.45007061777474,58.64,10,C,Neutral
Port Said,5.306010794602699,5.306010794602699,21.831674981747383,4.34554818690679,75.01527683134583,0.0,0.9020206179518937,0.204085543927963,2.4715032354405175,22.889267548316326,32.46731983786287,4,3.369113987058238,10.74895017468168,33.199657422079,100.0,89.91024076664382,0.0,81.41444787362033,46.61,15,D,Not Recommended
Qalyubia,5.675692373378529,5.675692373378529,30.67234606960331,2.6461103674860063,53.588341445607206,0.11152348503285471,0.9226130239228212,2.763116938427841,3.0326032852165254,27.56045287303385,41.38137051142359,6,4.111536834245893,38.7827086564137,51.682909941769005,30.934023327958116,6.781881491622259,43.65806854403753,57.82811110529895,40.09,20,D,Not Recommended
Qena,6.295181891662864,6.295181891662864,33.25928084692139,2.7747815770260402,29.264799221221708,0.25091263081041615,0.9706951567694414,3.568074957410562,3.1189646590343454,26.822028811689023,42.07550937777103,1,4.016348929815829,85.75994672993549,94.84028574059778,10.724112201666458,13.075860837475057,93.21806648815823,54.19783438824083,64.69,6,B,Recommended
Red Sea,6.2172573821784765,6.2172573821784765,29.648254441469945,4.1479240691165735,43.027960574348995,0.006327573618885374,0.9682155530930187,2.28175407641762,2.407789945246391,19.9263260720056,30.907279824222996,0,2.9876642608262816,79.85076162548262,92.61465261327997,38.93453457826933,80.24341537454242,65.17518350371569,84.09269236804938,76.21,1,A,Strongly Recommended
Sharqia,5.675692373378529,5.675692373378529,30.458014723777076,2.507464711608664,53.49297335118034,0.0995984424434169,0.9226130239228212,2.694784619128742,3.42284718765555,31.80007206616476,47.21266842379045,3,4.748398456943753,38.7827086564137,51.682909941769005,32.60844414780473,0.0,43.85238409726282,41.42386357692105,37.21,24,D,Not Recommended
Sohag,6.313081402776872,6.313081402776872,32.43208505719153,3.0937685568264786,30.375960696033097,0.18337795083962036,0.9727827390652499,3.3017200048673643,4.342956694873071,51.242612460552515,98.29727872920607,8,7.645528870084619,87.1173056039503,96.7140498254521,17.186414050580694,28.679176214993596,90.95403932060083,2.746246796045398,60.24,9,B,Recommended
South Sinai,6.178339443321818,6.178339443321818,27.23844548551959,2.9518806278899974,35.34601606230226,0.004563154052080798,0.9641484127501466,1.8374282063762473,2.043429566948731,15.91068676609756,24.857614605532227,1,2.3840231458437033,76.89952964328002,88.96408443312397,57.760685611573905,21.738698253028165,80.82739199834023,99.40890307056546,74.5,2,A,Recommended
Suez,6.062138830584708,6.062138830584708,28.32964407398394,2.9512898515453885,54.0107976393283,0.011803358481382331,0.956633511505117,2.0245522024823557,2.883524141363863,25.210509622370086,38.10386134776817,1,3.768850174216028,68.08778434699425,82.21888828807344,49.23591464040079,21.7098003035624,42.797300490636644,64.09478474656063,61.58,8,B,Recommended
